id,age,sex,site
NYU_0051036,8.04,female,NYU
NYU_0051038,8.26,female,NYU
NYU_0051039,8.5,female,NYU
NYU_0051040,8.52,female,NYU
NYU_0051041,8.9,female,NYU
NYU_0051042,8.91,female,NYU
NYU_0051044,10.86,female,NYU
NYU_0051045,11.56,female,NYU
NYU_0051046,11.56,female,NYU
NYU_0051047,12.1,female,NYU
NYU_0051048,12.44,female,NYU
NYU_0051049,13.22,female,NYU
NYU_0051050,13.25,female,NYU
NYU_0051051,14.06,female,NYU
NYU_0051052,14.18,female,NYU
NYU_0051053,14.38,female,NYU
NYU_0051054,14.42,female,NYU
NYU_0051055,15.95,female,NYU
NYU_0051056,17.31,female,NYU
NYU_0051057,21.58,female,NYU
NYU_0051058,22.11,female,NYU
NYU_0051059,22.76,female,NYU
NYU_0051060,22.74,female,NYU
NYU_0051061,27.03,female,NYU
NYU_0051062,27.76,female,NYU
NYU_0051063,29.13,female,NYU
NYU_0051064,7.26,male,NYU
NYU_0051065,10.52,male,NYU
NYU_0051066,18.59,male,NYU
NYU_0051067,23.65,male,NYU
NYU_0051068,31.78,male,NYU
NYU_0051069,8.15,male,NYU
NYU_0051070,7.29,male,NYU
NYU_0051072,11.91,male,NYU
NYU_0051073,12.49,male,NYU
NYU_0051074,12.81,male,NYU
NYU_0051075,14.2,male,NYU
NYU_0051076,16.93,male,NYU
NYU_0051077,17.3,male,NYU
NYU_0051078,6.47,male,NYU
NYU_0051079,7.19,male,NYU
NYU_0051080,8.01,male,NYU
NYU_0051081,8.82,male,NYU
NYU_0051082,8.88,male,NYU
NYU_0051083,8.93,male,NYU
NYU_0051084,9.23,male,NYU
NYU_0051085,9.81,male,NYU
NYU_0051086,10.46,male,NYU
NYU_0051087,10.52,male,NYU
NYU_0051088,10.73,male,NYU
NYU_0051089,10.76,male,NYU
NYU_0051090,11.03,male,NYU
NYU_0051091,11.32,male,NYU
NYU_0051093,11.69,male,NYU
NYU_0051094,12.1,male,NYU
NYU_0051095,12.23,male,NYU
NYU_0051096,13.18,male,NYU
NYU_0051097,13.583,male,NYU
NYU_0051098,13.628,male,NYU
NYU_0051099,13.72,male,NYU
NYU_0051100,14.36,male,NYU
NYU_0051101,14.425,male,NYU
NYU_0051102,14.653,male,NYU
NYU_0051103,14.66,male,NYU
NYU_0051104,15.27,male,NYU
NYU_0051105,15.284,male,NYU
NYU_0051106,15.42,male,NYU
NYU_0051107,15.53,male,NYU
NYU_0051109,16.13,male,NYU
NYU_0051110,16.28,male,NYU
NYU_0051111,16.55,male,NYU
NYU_0051112,19.228,male,NYU
NYU_0051113,22.38,male,NYU
NYU_0051114,22.48,male,NYU
NYU_0051116,25.34,male,NYU
NYU_0051117,28.203,male,NYU
NYU_0051118,29.02,male,NYU
NYU_0051121,10.74,male,NYU
NYU_0051122,11.92,male,NYU
NYU_0051123,12.07,male,NYU
NYU_0051124,12.67,male,NYU
NYU_0051126,16.31,male,NYU
NYU_0051127,16.55,male,NYU
NYU_0051128,16.88,male,NYU
NYU_0051129,17.7,male,NYU
NYU_0051130,19.13,male,NYU
NYU_0051131,19.73,male,NYU
NYU_0051146,20.02,male,NYU
NYU_0051147,20.04,male,NYU
NYU_0051148,20.3,male,NYU
NYU_0051149,20.56,male,NYU
NYU_0051150,22.77,male,NYU
NYU_0051151,23.08,male,NYU
NYU_0051152,23.35,male,NYU
NYU_0051153,26.17,male,NYU
NYU_0051154,30.08,male,NYU
NYU_0051155,30.78,male,NYU
NYU_0051156,21.15,male,NYU
NYU_0051159,12.81,male,NYU
